,Unnamed: 0,Unnamed: 0.1,theta,phi,fully_diff,control
0,0.0,0.0,0.0,0.0,0.12936571657968687,0.1244
1,1.0,1.0,0.0,0.1,0.10056202328382176,0.1004
2,2.0,2.0,0.0,0.2,0.11099959855479727,0.1298
3,3.0,3.0,0.0,0.30000000000000004,0.10869128863910077,0.1279
4,4.0,4.0,0.0,0.4,0.13950220794861498,0.1345
5,5.0,5.0,0.0,0.5,0.13057005218787635,0.134
6,6.0,6.0,0.0,0.6000000000000001,0.16910879164993978,0.1238
7,7.0,7.0,0.0,0.7000000000000001,0.1200321156162184,0.1094
8,8.0,8.0,0.0,0.8,0.1760337213970293,0.1233
9,9.0,9.0,0.0,0.9,0.10728623042954637,0.1772
10,10.0,10.0,0.0,1.0,0.11661983139301485,0.1455
11,11.0,11.0,0.1,0.0,0.11380971497390605,0.1532
12,12.0,12.0,0.1,0.1,0.4916700120433561,0.5463
13,13.0,13.0,0.1,0.2,0.5976515455640306,0.5664
14,14.0,14.0,0.1,0.30000000000000004,0.5112404656764352,0.5674
15,15.0,15.0,0.1,0.4,0.7432757928542754,0.7070000000000001
16,16.0,16.0,0.1,0.5,0.5413488558811722,0.7006
17,17.0,17.0,0.1,0.6000000000000001,0.7075471698113207,0.6878
18,18.0,18.0,0.1,0.7000000000000001,0.7866318747490968,0.7979
19,19.0,19.0,0.1,0.8,0.8035929345644319,0.7886
20,20.0,20.0,0.1,0.9,0.7949618627057407,0.7511
21,21.0,21.0,0.1,1.0,0.8111200321156162,0.8113
22,22.0,22.0,0.2,0.0,0.11732236049779204,0.1191
23,23.0,23.0,0.2,0.1,0.587213970293055,0.6044
24,24.0,24.0,0.2,0.2,0.6986150140505821,0.6988
25,25.0,25.0,0.2,0.30000000000000004,0.6118024889602569,0.7066
26,26.0,26.0,0.2,0.4,0.7208952228020875,0.8069
27,27.0,27.0,0.2,0.5,0.7502007226013649,0.8078
28,28.0,28.0,0.2,0.6000000000000001,0.812826174227218,0.8891
29,29.0,29.0,0.2,0.7000000000000001,0.817442794058611,0.8166
30,30.0,30.0,0.2,0.8,0.8039943797671618,0.8144
31,31.0,31.0,0.2,0.9,0.7119630670413488,0.7991
32,32.0,32.0,0.2,1.0,0.6287635487755922,0.7587
33,33.0,33.0,0.30000000000000004,0.0,0.12525090325170615,0.1644
34,34.0,34.0,0.30000000000000004,0.1,0.5873143315937375,0.6493
35,35.0,35.0,0.30000000000000004,0.2,0.7002207948615013,0.6666
36,36.0,36.0,0.30000000000000004,0.30000000000000004,0.7533119229225209,0.8083
37,37.0,37.0,0.30000000000000004,0.4,0.7042352468887997,0.8045
38,38.0,38.0,0.30000000000000004,0.5,0.6929947812123645,0.8158
39,39.0,39.0,0.30000000000000004,0.6000000000000001,0.7570252910477719,0.8262
40,40.0,40.0,0.30000000000000004,0.7000000000000001,0.8286832597350462,0.7552
41,41.0,41.0,0.30000000000000004,0.8,0.8996386993175431,0.8398
42,42.0,42.0,0.30000000000000004,0.9,0.8831794460056203,0.7648
43,43.0,43.0,0.30000000000000004,1.0,0.6987153753512646,0.8323
44,44.0,44.0,0.4,0.0,0.10477719791248497,0.1032
45,45.0,45.0,0.4,0.1,0.6109995985547972,0.5656
46,46.0,46.0,0.4,0.2,0.8038940184664793,0.7037
47,47.0,47.0,0.4,0.30000000000000004,0.8111200321156162,0.7422
48,48.0,48.0,0.4,0.4,0.8085106382978723,0.6838
49,49.0,49.0,0.4,0.5,0.6718185467683662,0.7417
50,50.0,50.0,0.4,0.6000000000000001,0.8361099959855479,0.6704
51,51.0,51.0,0.4,0.7000000000000001,0.8676234443998394,0.7366
52,52.0,52.0,0.4,0.8,0.8491569650742674,0.9165
53,53.0,53.0,0.4,0.9,0.9278402248093136,0.7625
54,54.0,54.0,0.4,1.0,0.9338619028502608,0.8432
55,55.0,55.0,0.5,0.0,0.10297069450020073,0.1236
56,56.0,56.0,0.5,0.1,0.8275792854275391,0.7753
57,57.0,57.0,0.5,0.2,0.8303894018466479,0.6259
58,58.0,58.0,0.5,0.30000000000000004,0.7364512244078684,0.6629999999999999
59,59.0,59.0,0.5,0.4,0.8282818145323163,0.8295
60,60.0,60.0,0.5,0.5,0.9184062625451626,0.8392
61,61.0,61.0,0.5,0.6000000000000001,0.8497591328783621,0.9154
62,62.0,62.0,0.5,0.7000000000000001,0.8491569650742674,0.8462
63,63.0,63.0,0.5,0.8,0.9271376957045364,0.8428
64,64.0,64.0,0.5,0.9,0.9375752709755121,0.9298
65,65.0,65.0,0.5,1.0,0.8320955439582497,0.938
66,66.0,66.0,0.6000000000000001,0.0,0.11762344439983942,0.1208
67,67.0,67.0,0.6000000000000001,0.1,0.6211360899237254,0.6879
68,68.0,68.0,0.6000000000000001,0.2,0.7988759534323565,0.68
69,69.0,69.0,0.6000000000000001,0.30000000000000004,0.854777197912485,0.7014
70,70.0,70.0,0.6000000000000001,0.4,0.8973303894018466,0.7285
71,71.0,71.0,0.6000000000000001,0.5,0.8378161380971497,0.8123
72,72.0,72.0,0.6000000000000001,0.6000000000000001,0.7390606182256122,0.7509
73,73.0,73.0,0.6000000000000001,0.7000000000000001,0.8898032918506624,0.9205
74,74.0,74.0,0.6000000000000001,0.8,0.934965877157768,0.8417
75,75.0,75.0,0.6000000000000001,0.9,0.8972300281011641,0.9355
76,76.0,76.0,0.6000000000000001,1.0,0.9392814130871135,0.8554
77,77.0,77.0,0.7000000000000001,0.0,0.111601766358892,0.1344
78,78.0,78.0,0.7000000000000001,0.1,0.7650541951023685,0.6277
79,79.0,79.0,0.7000000000000001,0.2,0.8283821758329988,0.9006
80,80.0,80.0,0.7000000000000001,0.30000000000000004,0.7694700923323966,0.8335
81,81.0,81.0,0.7000000000000001,0.4,0.9249297470895222,0.9152
82,82.0,82.0,0.7000000000000001,0.5,0.8619028502609394,0.9266
83,83.0,83.0,0.7000000000000001,0.6000000000000001,0.909474106784424,0.77
84,84.0,84.0,0.7000000000000001,0.7000000000000001,0.7725812926535528,0.7704
85,85.0,85.0,0.7000000000000001,0.8,0.7981734243275793,0.7567
86,86.0,86.0,0.7000000000000001,0.9,0.8424327579285428,0.9448
87,87.0,87.0,0.7000000000000001,1.0,0.8785628261742272,0.7613
88,88.0,88.0,0.8,0.0,0.11180248896025692,0.124
89,89.0,89.0,0.8,0.1,0.8045965475712565,0.7324
90,90.0,90.0,0.8,0.2,0.6697109594540345,0.8395
91,91.0,91.0,0.8,0.30000000000000004,0.7629466077880369,0.9177
92,92.0,92.0,0.8,0.4,0.7884383781613811,0.8187
93,93.0,93.0,0.8,0.5,0.8632075471698113,0.8383
94,94.0,94.0,0.8,0.6000000000000001,0.854777197912485,0.7512
95,95.0,95.0,0.8,0.7000000000000001,0.8021878763548775,0.8342
96,96.0,96.0,0.8,0.8,0.8496587715776797,0.8523
97,97.0,97.0,0.8,0.9,0.8733440385387394,0.7608
98,98.0,98.0,0.8,1.0,0.9549377759935768,0.7521
99,99.0,99.0,0.9,0.0,0.14622641509433962,0.1436
100,100.0,100.0,0.9,0.1,0.7210959454034525,0.8064
101,101.0,101.0,0.9,0.2,0.8242673625050181,0.6278
102,102.0,102.0,0.9,0.30000000000000004,0.8368125250903252,0.7628
103,103.0,103.0,0.9,0.4,0.9260337213970292,0.9116
104,104.0,104.0,0.9,0.5,0.9212163789642712,0.7524
105,105.0,105.0,0.9,0.6000000000000001,0.9326575672420716,0.7545
106,106.0,106.0,0.9,0.7000000000000001,0.7778000802890406,0.9312
107,107.0,107.0,0.9,0.8,0.8987354476114009,0.6487
108,108.0,108.0,0.9,0.9,0.9513247691690084,0.9527
109,109.0,109.0,0.9,1.0,0.8338016860698515,0.6755
110,110.0,110.0,1.0,0.0,0.1078883982336411,0.1096
111,111.0,111.0,1.0,0.1,0.7077478924126857,0.7753
112,112.0,112.0,1.0,0.2,0.7639502207948615,0.7218
113,113.0,113.0,1.0,0.30000000000000004,0.9252308309915696,0.7513
114,114.0,114.0,1.0,0.4,0.931453231633882,0.9287
115,115.0,115.0,1.0,0.5,0.8079084704937776,0.863
116,116.0,116.0,1.0,0.6000000000000001,0.8520674427940587,0.9426
117,117.0,117.0,1.0,0.7000000000000001,0.7198916097952629,0.9446
118,118.0,118.0,1.0,0.8,0.8328984343637094,0.8527
119,119.0,119.0,1.0,0.9,0.8101164191087916,0.8677
120,120.0,120.0,1.0,1.0,0.8268767563227619,0.7667
121,121.0,,0.5,0.05,0.6165194700923324,0.5275
122,122.0,,1.0,0.05,0.7347450822962666,0.7909
123,123.0,,0.1,0.95,0.7349458048976315,0.7051
124,124.0,,0.1,0.6500000000000001,0.6390004014452028,0.7134
125,125.0,,0.5,0.05,0.6195303091128062,0.6172
126,126.0,,1.0,0.05,0.7634484142914492,0.7169
127,127.0,,0.1,0.95,0.7528101164191088,0.7975
128,128.0,,0.1,0.6500000000000001,0.6467282215977519,0.6914
129,129.0,,0.5,0.05,0.583902047370534,0.6012
130,130.0,,1.0,0.05,0.8020875150541951,0.6738
131,131.0,,0.1,0.95,0.8029907667603372,0.7467
132,132.0,,0.1,0.6500000000000001,0.7921517462866319,0.7123
133,133.0,,0.5,0.05,0.6139100762745885,0.5448
134,134.0,,1.0,0.05,0.70343235648334,0.7591
135,135.0,,0.1,0.95,0.8791649939783219,0.7289
136,136.0,,0.1,0.6500000000000001,0.7198916097952629,0.7364
137,137.0,,0.5,0.05,0.6083902047370534,0.6072
138,138.0,,1.0,0.05,0.8413287836210357,0.7631
139,139.0,,0.1,0.95,0.8106182256122041,0.7199
140,140.0,,0.1,0.6500000000000001,0.8042954636692091,0.6648
141,141.0,,0.5,0.05,0.6363910076274588,0.5989
142,142.0,,1.0,0.05,0.5313127258129265,0.6172
143,143.0,,0.1,0.95,0.8032918506623846,0.8107
144,144.0,,0.1,0.6500000000000001,0.7873344038538741,0.7165
145,145.0,,0.5,0.05,0.6222400642312325,0.6705
146,146.0,,1.0,0.05,0.6308711360899237,0.672
147,147.0,,0.1,0.95,0.718586912886391,0.8047
148,148.0,,0.1,0.6500000000000001,0.79656764351666,0.7945
149,149.0,,0.5,0.05,0.6528502609393818,0.5691
150,150.0,,1.0,0.05,0.8424327579285428,0.8290000000000001
151,151.0,,0.1,0.95,0.8821758329987957,0.6665
152,152.0,,0.1,0.6500000000000001,0.7388598956242473,0.7114
153,153.0,,0.5,0.05,0.5418506623845845,0.6629
154,154.0,,1.0,0.05,0.7932557205941388,0.7601
155,155.0,,0.1,0.95,0.7190887193898033,0.6949
156,156.0,,0.1,0.6500000000000001,0.8555800883179446,0.672
157,157.0,,0.5,0.05,0.51756322761943,0.6094
158,158.0,,1.0,0.05,0.7318346045764753,0.626
159,159.0,,0.1,0.95,0.8113207547169812,0.7792
160,160.0,,0.1,0.6500000000000001,0.8013849859494179,0.8644
161,161.0,,0.5,0.05,0.5170614211160177,0.6432
162,162.0,,1.0,0.05,0.64542352468888,0.6376
163,163.0,,0.1,0.95,0.6708149337615416,0.6559999999999999
164,164.0,,0.1,0.6500000000000001,0.7039341629867523,0.8533
165,165.0,,0.5,0.05,0.6097952629466078,0.6674
166,166.0,,1.0,0.05,0.7282215977519069,0.7239
167,167.0,,0.1,0.95,0.8060016057808109,0.8041
168,168.0,,0.1,0.6500000000000001,0.5942392613408269,0.7018
169,169.0,,0.5,0.05,0.6538538739462063,0.7471
170,170.0,,1.0,0.05,0.7206945002007226,0.8252
171,171.0,,0.1,0.95,0.8235648334002409,0.7713
172,172.0,,0.1,0.6500000000000001,0.7987755921316742,0.7966
173,173.0,,0.5,0.05,0.7539140907266159,0.6358
174,174.0,,1.0,0.05,0.6933962264150944,0.8183
175,175.0,,0.1,0.95,0.7357486953030912,0.8894
176,176.0,,0.1,0.6500000000000001,0.6485347250100362,0.6858
177,177.0,,0.5,0.05,0.5042151746286632,0.6474
178,178.0,,1.0,0.05,0.7622440786832597,0.7209
179,179.0,,0.1,0.95,0.8240666399036531,0.8931
180,180.0,,0.1,0.6500000000000001,0.7173825772782015,0.7176
181,181.0,,0.5,0.05,0.6582697711762344,0.6611
182,182.0,,1.0,0.05,0.6874749096748294,0.6387
183,183.0,,0.1,0.95,0.8092131674026496,0.7948
184,184.0,,0.1,0.6500000000000001,0.7048374146928944,0.7805
185,185.0,,0.5,0.05,0.6110999598554797,0.7399
186,186.0,,1.0,0.05,0.7845242874347651,0.7253
187,187.0,,0.1,0.95,0.7292252107587315,0.6976
188,188.0,,0.1,0.6500000000000001,0.7701726214371738,0.7354
189,189.0,,0.5,0.05,0.5240867121637897,0.5777
190,190.0,,1.0,0.05,0.7194901645925331,0.7322
191,191.0,,0.1,0.95,0.8091128061019671,0.726
192,192.0,,0.1,0.6500000000000001,0.7360497792051385,0.8005
193,193.0,,0.5,0.05,0.6165194700923324,0.7221
194,194.0,,1.0,0.05,0.720794861501405,0.6791
195,195.0,,0.1,0.95,0.7537133681252509,0.8493
196,196.0,,0.1,0.6500000000000001,0.7099558410276997,0.696
197,197.0,,0.5,0.05,0.6418105178643115,0.6799
198,198.0,,1.0,0.05,0.7379566439181052,0.6941
199,199.0,,0.1,0.95,0.8081091930951425,0.7802
200,200.0,,0.1,0.6500000000000001,0.7487956643918106,0.7389
201,201.0,,0.5,0.05,0.6684062625451626,0.5026
202,202.0,,1.0,0.05,0.7911481332798073,0.7843
203,203.0,,0.1,0.95,0.7773986350863107,0.7353
204,204.0,,0.1,0.6500000000000001,0.7878362103572862,0.7837
205,205.0,,0.5,0.05,0.5700521878763549,0.6657
206,206.0,,1.0,0.05,0.7472902448815737,0.7359
207,207.0,,0.1,0.95,0.8083099156965075,0.7253
208,208.0,,0.1,0.6500000000000001,0.8034925732637495,0.6998
209,209.0,,0.5,0.05,0.6510437575270975,0.6537
210,210.0,,1.0,0.05,0.6029706945002007,0.66
211,211.0,,0.1,0.95,0.8051987153753513,0.7373
212,212.0,,0.1,0.6500000000000001,0.6521477318346046,0.7505
213,213.0,,0.5,0.05,0.7930549979927741,0.5951
214,214.0,,1.0,0.05,0.7061421116017663,0.7566
215,215.0,,0.1,0.95,0.6899839421918909,0.6484
216,216.0,,0.1,0.6500000000000001,0.6456242472902449,0.7997
217,217.0,,0.5,0.05,0.6866720192693697,0.5787
218,218.0,,1.0,0.05,0.7873344038538741,0.7194
219,219.0,,0.1,0.95,0.8774588518667202,0.735
220,220.0,,0.1,0.6500000000000001,0.7134684865515857,0.7408
221,221.0,,0.5,0.05,0.648735447611401,0.6816
222,222.0,,1.0,0.05,0.7818145323163388,0.6405
223,223.0,,0.1,0.95,0.8205539943797672,0.7266
224,224.0,,0.1,0.6500000000000001,0.7043356081894822,0.6503
225,225.0,,0.5,0.05,0.6595744680851063,0.7045
226,226.0,,1.0,0.05,0.7191890806904857,0.7574
227,227.0,,0.1,0.95,0.7334403853873946,0.882
228,228.0,,0.1,0.6500000000000001,0.7080489763147331,0.6581
229,229.0,,0.5,0.05,0.6072862304295463,0.7035
230,230.0,,1.0,0.05,0.7152749899638701,0.8129
231,231.0,,0.1,0.95,0.7330389401846648,0.6853
232,232.0,,0.1,0.6500000000000001,0.7861300682456844,0.6771
233,233.0,,0.5,0.05,0.6606784423926134,0.6352
234,234.0,,1.0,0.05,0.6577679646728222,0.7651
235,235.0,,0.1,0.95,0.7655560016057809,0.8081
236,236.0,,0.1,0.6500000000000001,0.7893416298675231,0.7356
237,237.0,,0.5,0.05,0.6839622641509434,0.5569
238,238.0,,1.0,0.05,0.735949417904456,0.6603
239,239.0,,0.1,0.95,0.8855881172219991,0.6204
240,240.0,,0.1,0.6500000000000001,0.7768968285828984,0.7994
241,241.0,,0.5,0.05,0.5610196708149338,0.6659999999999999
242,242.0,,1.0,0.05,0.7984745082296266,0.8307
243,243.0,,0.1,0.95,0.7354476114010438,0.8761
244,244.0,,0.1,0.6500000000000001,0.7828181453231634,0.7064
245,245.0,,0.5,0.05,0.572260136491369,0.6565
246,246.0,,1.0,0.05,0.7106583701324769,0.7636
247,247.0,,0.1,0.95,0.8052990766760337,0.877
248,248.0,,0.1,0.6500000000000001,0.7198916097952629,0.7276
249,249.0,,0.5,0.05,0.5499799277398635,0.5507
250,250.0,,1.0,0.05,0.6464271376957046,0.7492
251,251.0,,0.1,0.95,0.7462866318747491,0.7355
252,252.0,,0.1,0.6500000000000001,0.7930549979927741,0.8395
253,253.0,,0.5,0.05,0.7054395824969891,0.7045
254,254.0,,1.0,0.05,0.7066439181051787,0.7213
255,255.0,,0.1,0.95,0.5729626655961462,0.8374
256,256.0,,0.1,0.6500000000000001,0.6527498996386993,0.8713
257,257.0,,0.5,0.05,0.6301686069851465,0.6343
258,258.0,,1.0,0.05,0.6033721397029306,0.8219
259,259.0,,0.1,0.95,0.7442794058611,0.8135
260,260.0,,0.1,0.6500000000000001,0.6165194700923324,0.7659999999999999
261,261.0,,0.5,0.05,0.6697109594540345,0.507
262,262.0,,1.0,0.05,0.6163187474909675,0.6861
263,263.0,,0.1,0.95,0.6653954235246888,0.7422
264,264.0,,0.1,0.6500000000000001,0.8583902047370534,0.7696
265,265.0,,0.5,0.05,0.6677037334403854,0.6351
266,266.0,,1.0,0.05,0.6853673223604978,0.7376
267,267.0,,0.1,0.95,0.7946607788036933,0.7157
268,268.0,,0.1,0.6500000000000001,0.7254114813327981,0.8308
269,269.0,,0.5,0.05,0.6096949016459253,0.5691
270,270.0,,1.0,0.05,0.6982135688478522,0.6541
271,271.0,,0.1,0.95,0.7014251304696909,0.7456
272,272.0,,0.1,0.6500000000000001,0.7990766760337213,0.8362
273,273.0,,0.5,0.05,0.5781814532316338,0.6836
274,274.0,,1.0,0.05,0.6622842232035328,0.7759
275,275.0,,0.1,0.95,0.8052990766760337,0.805
276,276.0,,0.1,0.6500000000000001,0.7487956643918106,0.7786
277,277.0,,0.5,0.05,0.6967081493376154,0.485
278,278.0,,1.0,0.05,0.7470895222802088,0.6626
279,279.0,,0.1,0.95,0.7407667603372142,0.7449
280,280.0,,0.1,0.6500000000000001,0.8367121637896427,0.7797
281,281.0,,0.5,0.05,0.5726615816940988,0.6164
282,282.0,,1.0,0.05,0.7419710959454034,0.6881
283,283.0,,0.1,0.95,0.8274789241268566,0.8022
284,284.0,,0.1,0.6500000000000001,0.8044961862705741,0.7766
285,285.0,,0.5,0.05,0.63358089120835,0.6964
286,286.0,,1.0,0.05,0.6695102368526696,0.7182
287,287.0,,0.1,0.95,0.7265154556403051,0.7036
288,288.0,,0.1,0.6500000000000001,0.7021276595744681,0.7941
289,289.0,,0.5,0.05,0.5414492171818547,0.5637
290,290.0,,1.0,0.05,0.7340425531914894,0.7283
291,291.0,,0.1,0.95,0.7618426334805299,0.6575
292,292.0,,0.1,0.6500000000000001,0.7202930549979928,0.7366
293,293.0,,0.5,0.05,0.6690084303492573,0.6695
294,294.0,,1.0,0.05,0.7107587314331594,0.7451
295,295.0,,0.1,0.95,0.7389602569249297,0.7474
296,296.0,,0.1,0.6500000000000001,0.7430750702529105,0.8205
297,297.0,,0.5,0.05,0.5888197511039743,0.5913
298,298.0,,1.0,0.05,0.7797069450020072,0.7029
299,299.0,,0.1,0.95,0.7329385788839823,0.73
300,300.0,,0.1,0.6500000000000001,0.8041951023685266,0.7865
301,301.0,,0.5,0.05,0.6776395022079487,0.5969
302,302.0,,1.0,0.05,0.7253111200321156,0.7165
303,303.0,,0.1,0.95,0.7366519470092332,0.8281
304,304.0,,0.1,0.6500000000000001,0.6555600160578081,0.7844
305,305.0,,0.5,0.05,0.6460256924929747,0.6271
306,306.0,,1.0,0.05,0.7346447209955841,0.6879
307,307.0,,0.1,0.95,0.8153352067442794,0.7978
308,308.0,,0.1,0.6500000000000001,0.7313327980730631,0.8676
309,309.0,,0.5,0.05,0.6215375351264553,0.6811
310,310.0,,1.0,0.05,0.7620433560818948,0.6664
311,311.0,,0.1,0.95,0.7378562826174228,0.8015
312,312.0,,0.1,0.6500000000000001,0.7160778803693296,0.7236
313,313.0,,0.5,0.05,0.6451224407868326,0.6194
314,314.0,,1.0,0.05,0.8486551585708549,0.6304
315,315.0,,0.1,0.95,0.7594339622641509,0.8258
316,316.0,,0.1,0.6500000000000001,0.6385989562424729,0.787
317,317.0,,0.5,0.05,0.5671417101565637,0.6941
318,318.0,,1.0,0.05,0.7729827378562826,0.6379
319,319.0,,0.1,0.95,0.7300281011641909,0.738
320,320.0,,0.1,0.6500000000000001,0.6791449217181854,0.7938
321,321.0,,0.5,0.05,0.6098956242472903,0.5378
322,322.0,,1.0,0.05,0.7845242874347651,0.7858
323,323.0,,0.1,0.95,0.8063026896828583,0.7947
324,324.0,,0.1,0.6500000000000001,0.7097551184263348,0.7733
325,325.0,,0.5,0.05,0.5937374548374147,0.7113
326,326.0,,1.0,0.05,0.8253713368125251,0.7559999999999999
327,327.0,,0.1,0.95,0.7024287434765154,0.6641
328,328.0,,0.1,0.6500000000000001,0.7037334403853874,0.7188
329,329.0,,0.5,0.05,0.6037735849056604,0.7307
330,330.0,,1.0,0.05,0.6208350060216781,0.7025
331,331.0,,0.1,0.95,0.8260738659173023,0.8158
332,332.0,,0.1,0.6500000000000001,0.8048976314733038,0.7689
333,333.0,,0.5,0.05,0.6958048976314734,0.7829999999999999
334,334.0,,1.0,0.05,0.7303291850662385,0.7634
335,335.0,,0.1,0.95,0.732637494981935,0.7048
336,336.0,,0.1,0.6500000000000001,0.7042352468887997,0.858
337,337.0,,0.5,0.05,0.6523484544359694,0.7431
338,338.0,,1.0,0.05,0.7854275391409072,0.7499
339,339.0,,0.1,0.95,0.7354476114010438,0.7884
340,340.0,,0.1,0.6500000000000001,0.7159775190686472,0.7586
341,341.0,,0.5,0.05,0.5418506623845845,0.6375
342,342.0,,1.0,0.05,0.7601364913689281,0.6207
343,343.0,,0.1,0.95,0.7318346045764753,0.8093
344,344.0,,0.1,0.6500000000000001,0.6876756322761943,0.7861
345,345.0,,0.5,0.05,0.6185266961059815,0.7349
346,346.0,,1.0,0.05,0.6876756322761943,0.6666
347,347.0,,0.1,0.95,0.7272179847450823,0.7253
348,348.0,,0.1,0.6500000000000001,0.7801083902047371,0.6067
349,349.0,,0.5,0.05,0.645222802087515,0.6764
350,350.0,,1.0,0.05,0.694199116820554,0.7231
351,351.0,,0.1,0.95,0.88970293054998,0.7325
352,352.0,,0.1,0.6500000000000001,0.7869329586511441,0.7337
353,353.0,,0.5,0.05,0.5798875953432356,0.6655
354,354.0,,1.0,0.05,0.7844239261340827,0.7737
355,355.0,,0.1,0.95,0.8059012444801285,0.8022
356,356.0,,0.1,0.6500000000000001,0.7176836611802488,0.6384
357,357.0,,0.5,0.05,0.6049779205138499,0.5878
358,358.0,,1.0,0.05,0.6998193496587716,0.6831
359,359.0,,0.1,0.95,0.7089522280208751,0.7985
360,360.0,,0.1,0.6500000000000001,0.7026294660778803,0.7577
361,361.0,,0.5,0.05,0.6233440385387394,0.5328
362,362.0,,1.0,0.05,0.7348454435969491,0.6878
363,363.0,,0.1,0.95,0.8065034122842232,0.8006
364,364.0,,0.1,0.6500000000000001,0.7199919710959454,0.6801
365,365.0,,0.5,0.05,0.6364913689281413,0.6343
366,366.0,,1.0,0.05,0.7402649538338016,0.7773
367,367.0,,0.1,0.95,0.7364512244078684,0.731
368,368.0,,0.1,0.6500000000000001,0.689381774387796,0.7859999999999999
369,369.0,,0.5,0.05,0.6662986752308311,0.5728
370,370.0,,1.0,0.05,0.7734845443596949,0.7544
371,371.0,,0.1,0.95,0.7755921316740265,0.6416
372,372.0,,0.1,0.6500000000000001,0.6447209955841028,0.6643
373,373.0,,0.5,0.05,0.6171216378964272,0.6572
374,374.0,,1.0,0.05,0.6117021276595744,0.8459
375,375.0,,0.1,0.95,0.7960658370132477,0.7669
376,376.0,,0.1,0.6500000000000001,0.8057005218787635,0.7164
377,377.0,,0.5,0.05,0.5911280610196709,0.6488
378,378.0,,1.0,0.05,0.6911882778000803,0.7748
379,379.0,,0.1,0.95,0.8319951826575672,0.8136
380,380.0,,0.1,0.6500000000000001,0.6993175431553593,0.6414
381,381.0,,0.5,0.05,0.6763348052990766,0.6311
382,382.0,,1.0,0.05,0.7447812123645122,0.7054
383,383.0,,0.1,0.95,0.7325371336812525,0.6807
384,384.0,,0.1,0.6500000000000001,0.7272179847450823,0.8586
385,385.0,,0.5,0.05,0.6306704134885588,0.7856
386,386.0,,1.0,0.05,0.6448213568847853,0.7721
387,387.0,,0.1,0.95,0.6679044560417503,0.8246
388,388.0,,0.1,0.6500000000000001,0.7271176234443998,0.7208
389,389.0,,0.5,0.05,0.5740666399036531,0.7142
390,390.0,,1.0,0.05,0.7129666800481734,0.7321
391,391.0,,0.1,0.95,0.7027298273785628,0.6982
392,392.0,,0.1,0.6500000000000001,0.7224006423123244,0.5770000000000001
393,393.0,,0.5,0.05,0.7250100361300682,0.5598
394,394.0,,1.0,0.05,0.6400040144520273,0.752
395,395.0,,0.1,0.95,0.8219590525893216,0.8122
396,396.0,,0.1,0.6500000000000001,0.6960056202328382,0.7959
397,397.0,,0.5,0.05,0.6015656362906463,0.6492
398,398.0,,1.0,0.05,0.7902448815736652,0.7525
399,399.0,,0.1,0.95,0.8779606583701325,0.7236
400,400.0,,0.1,0.6500000000000001,0.6483340024086712,0.7216
401,401.0,,0.5,0.05,0.6130068245684465,0.6624
402,402.0,,1.0,0.05,0.8406262545162585,0.6041
403,403.0,,0.1,0.95,0.7947611401043757,0.7324
404,404.0,,0.1,0.6500000000000001,0.6877759935768768,0.7879999999999999
405,405.0,,0.5,0.05,0.6602769971898835,0.706
406,406.0,,1.0,0.05,0.7652549177037334,0.7849
407,407.0,,0.1,0.95,0.7298273785628262,0.7946
408,408.0,,0.1,0.6500000000000001,0.7413689281413087,0.7386
409,409.0,,0.5,0.05,0.6282617422721799,0.6188
410,410.0,,1.0,0.05,0.7401645925331193,0.6404
411,411.0,,0.1,0.95,0.6781413087113609,0.8735
412,412.0,,0.1,0.6500000000000001,0.8516659975913288,0.7825
413,413.0,,0.5,0.05,0.5613207547169812,0.536
414,414.0,,1.0,0.05,0.6789441991168206,0.8417
415,415.0,,0.1,0.95,0.8699317543155359,0.8224
416,416.0,,0.1,0.6500000000000001,0.7298273785628262,0.8671
417,417.0,,0.5,0.05,0.6059815335206744,0.5085
418,418.0,,1.0,0.05,0.6005620232838218,0.6842
419,419.0,,0.1,0.95,0.6899839421918909,0.7037
420,420.0,,0.1,0.6500000000000001,0.8739462063428342,0.7225
421,421.0,,0.5,0.05,0.7513046969088719,0.6223
422,422.0,,1.0,0.05,0.7478924126856684,0.7785
423,423.0,,0.1,0.95,0.8058008831794459,0.7233
424,424.0,,0.1,0.6500000000000001,0.7760939381774388,0.7878
425,425.0,,0.5,0.05,0.6300682456844641,0.6246
426,426.0,,1.0,0.05,0.6891810517864312,0.8435
427,427.0,,0.1,0.95,0.8299879566439181,0.7251
428,428.0,,0.1,0.6500000000000001,0.8676234443998394,0.7848
429,429.0,,0.5,0.05,0.5782818145323163,0.6295
430,430.0,,1.0,0.05,0.674227217984745,0.7372
431,431.0,,0.1,0.95,0.8256724207145725,0.8004
432,432.0,,0.1,0.6500000000000001,0.7842232035327178,0.8591
433,433.0,,0.5,0.05,0.6570654355680451,0.6213
434,434.0,,1.0,0.05,0.676836611802489,0.6609
435,435.0,,0.1,0.95,0.8130268968285829,0.7178
436,436.0,,0.1,0.6500000000000001,0.6919911682055401,0.7983
437,437.0,,0.5,0.05,0.5758731433159374,0.6765
438,438.0,,1.0,0.05,0.7708751505419509,0.7161
439,439.0,,0.1,0.95,0.7275190686471297,0.7004
440,440.0,,0.1,0.6500000000000001,0.670915295062224,0.7747
441,441.0,,0.5,0.05,0.6350863107185869,0.7013
442,442.0,,1.0,0.05,0.7646527498996387,0.7141
443,443.0,,0.1,0.95,0.7247089522280209,0.726
444,444.0,,0.1,0.6500000000000001,0.722099558410277,0.7946
445,445.0,,0.5,0.05,0.7132677639502208,0.6273
446,446.0,,1.0,0.05,0.7708751505419509,0.6227
447,447.0,,0.1,0.95,0.7249096748293858,0.7659
448,448.0,,0.1,0.6500000000000001,0.7982737856282618,0.7966
449,449.0,,0.5,0.05,0.5814933761541551,0.642
450,450.0,,1.0,0.05,0.6342834203131272,0.738
451,451.0,,0.1,0.95,0.8948213568847853,0.7522
452,452.0,,0.1,0.6500000000000001,0.7846246487354476,0.6428
453,453.0,,0.5,0.05,0.5386391007627459,0.6109
454,454.0,,1.0,0.05,0.736150140505821,0.7422
455,455.0,,0.1,0.95,0.7360497792051385,0.6045
456,456.0,,0.1,0.6500000000000001,0.7815134484142915,0.7285
457,457.0,,0.5,0.05,0.6778402248093135,0.6409
458,458.0,,1.0,0.05,0.7816138097149739,0.6829999999999999
459,459.0,,0.1,0.95,0.8053994379767162,0.7604
460,460.0,,0.1,0.6500000000000001,0.7990766760337213,0.6896
461,461.0,,0.5,0.05,0.6190285026093938,0.6197
462,462.0,,1.0,0.05,0.6851665997591329,0.7267
463,463.0,,0.1,0.95,0.8076073865917303,0.7329
464,464.0,,0.1,0.6500000000000001,0.7795062224006423,0.6577
465,465.0,,0.5,0.05,0.6305700521878763,0.5335
466,466.0,,1.0,0.05,0.7096547571256524,0.7514
467,467.0,,0.1,0.95,0.6647932557205941,0.6699
468,468.0,,0.1,0.6500000000000001,0.7895423524688878,0.6765
469,469.0,,0.5,0.05,0.6531513448414291,0.5718
470,470.0,,1.0,0.05,0.7667603372139703,0.7638
471,471.0,,0.1,0.95,0.8052990766760337,0.8026
472,472.0,,0.1,0.6500000000000001,0.7420714572460859,0.7541
473,473.0,,0.5,0.05,0.6900843034925732,0.5704
474,474.0,,1.0,0.05,0.773083099156965,0.6828
475,475.0,,0.1,0.95,0.8060016057808109,0.8715
476,476.0,,0.1,0.6500000000000001,0.723203532717784,0.7334
477,477.0,,0.5,0.05,0.6466278602970694,0.6716
478,478.0,,1.0,0.05,0.7781011641910879,0.7793
479,479.0,,0.1,0.95,0.7633480529907668,0.7828
480,480.0,,0.1,0.6500000000000001,0.709353673223605,0.7948
481,481.0,,0.5,0.05,0.5416499397832196,0.6631
482,482.0,,1.0,0.05,0.712866318747491,0.7070000000000001
483,483.0,,0.1,0.95,0.8331995182657568,0.7706
484,484.0,,0.1,0.6500000000000001,0.666097952629466,0.7340000000000001
485,485.0,,0.5,0.05,0.6942994781212365,0.5964
486,486.0,,1.0,0.05,0.6886792452830188,0.7565
487,487.0,,0.1,0.95,0.7159775190686472,0.7248
488,488.0,,0.1,0.6500000000000001,0.8037936571657969,0.8035
489,489.0,,0.5,0.05,0.5668406262545163,0.7822
490,490.0,,1.0,0.05,0.8523685266961059,0.7702
491,491.0,,0.1,0.95,0.8066037735849056,0.8695
492,492.0,,0.1,0.6500000000000001,0.8661180248896025,0.7190000000000001
493,493.0,,0.5,0.05,0.6038739462063428,0.6603
494,494.0,,1.0,0.05,0.7985748695303091,0.8202
495,495.0,,0.1,0.95,0.7595343235648334,0.7892
496,496.0,,0.1,0.6500000000000001,0.7973705339221197,0.8245
497,497.0,,0.5,0.05,0.6240465676435166,0.7038
498,498.0,,1.0,0.05,0.8443396226415094,0.6898
499,499.0,,0.1,0.95,0.7296266559614613,0.7801
500,500.0,,0.1,0.6500000000000001,0.7146728221597752,0.7598
501,501.0,,0.5,0.05,0.5572059413890004,0.6398
502,502.0,,1.0,0.05,0.6696105981533521,0.7537
503,503.0,,0.1,0.95,0.6469289441991168,0.727
504,504.0,,0.1,0.6500000000000001,0.6444199116820554,0.6896
505,505.0,,0.5,0.05,0.59313528703332,0.667
506,506.0,,1.0,0.05,0.7090525893215576,0.7661
507,507.0,,0.1,0.95,0.8109193095142513,0.7732
508,508.0,,0.1,0.6500000000000001,0.7171818546768366,0.6970000000000001
509,509.0,,0.5,0.05,0.6807507025291047,0.5676
510,510.0,,1.0,0.05,0.7643516659975913,0.7181
511,511.0,,0.1,0.95,0.8300883179446006,0.643
512,512.0,,0.1,0.6500000000000001,0.6673022882376556,0.7215
513,513.0,,0.5,0.05,0.6713167402649538,0.5713
514,514.0,,1.0,0.05,0.7286230429546366,0.7554
515,515.0,,0.1,0.95,0.7458851866720193,0.7290000000000001
516,516.0,,0.1,0.6500000000000001,0.7304295463669209,0.7629
517,517.0,,0.5,0.05,0.5706543556804496,0.5665
518,518.0,,1.0,0.05,0.7353472501003613,0.7644
519,519.0,,0.1,0.95,0.6518466479325572,0.6291
520,520.0,,0.1,0.6500000000000001,0.6846647932557206,0.7422
521,,,0.8,0.05,0.7135688478522682,0.6955
522,,,0.75,0.05,0.6458249698916098,0.7347
523,,,0.1,0.95,0.7339421918908069,0.8278
524,,,0.1,0.6500000000000001,0.7622440786832597,0.6507
525,,,0.8,0.05,0.5196708149337615,0.6946
526,,,0.75,0.05,0.7714773183460457,0.7497
527,,,0.1,0.95,0.8203532717784022,0.725
528,,,0.1,0.6500000000000001,0.6527498996386993,0.8565
529,,,0.8,0.05,0.6308711360899237,0.7347
530,,,0.75,0.05,0.7620433560818948,0.6294
531,,,0.1,0.95,0.7360497792051385,0.8049
532,,,0.1,0.6500000000000001,0.6401043757527097,0.7227
533,,,0.8,0.05,0.6912886391007628,0.6448
534,,,0.75,0.05,0.7623444399839422,0.6883
535,,,0.1,0.95,0.6597751906864713,0.8107
536,,,0.1,0.6500000000000001,0.6753311922922521,0.7897
537,,,0.8,0.05,0.5323163388197512,0.724
538,,,0.75,0.05,0.6401043757527097,0.7125
539,,,0.1,0.95,0.8151344841429145,0.7007
540,,,0.1,0.6500000000000001,0.6052790044158972,0.8477
541,,,0.8,0.05,0.7261140104375753,0.7562
542,,,0.75,0.05,0.7478924126856684,0.6817
543,,,0.1,0.95,0.8740465676435166,0.7254
544,,,0.1,0.6500000000000001,0.7954636692091529,0.5689
545,,,0.8,0.05,0.7433761541549578,0.7056
546,,,0.75,0.05,0.7134684865515857,0.7874
547,,,0.1,0.95,0.711762344439984,0.7058
548,,,0.1,0.6500000000000001,0.7748896025692493,0.7242
549,,,0.8,0.05,0.6635889201124047,0.7592
550,,,0.75,0.05,0.6788438378161381,0.7556
551,,,0.1,0.95,0.8203532717784022,0.7442
552,,,0.1,0.6500000000000001,0.6416097952629466,0.773
553,,,0.8,0.05,0.6365917302288238,0.6785
554,,,0.75,0.05,0.7565234845443597,0.6315
555,,,0.1,0.95,0.893014853472501,0.769
556,,,0.1,0.6500000000000001,0.7953633079084705,0.8083
557,,,0.8,0.05,0.7696708149337615,0.7147
558,,,0.75,0.05,0.6822561220393416,0.6987
559,,,0.1,0.95,0.624548374146929,0.6226
560,,,0.1,0.6500000000000001,0.810618225612204,0.6522
561,,,0.8,0.05,0.6961059815335207,0.6762
562,,,0.75,0.05,0.6364913689281413,0.5738
563,,,0.1,0.95,0.8038940184664793,0.8451
564,,,0.1,0.6500000000000001,0.6620835006021678,0.7807
565,,,0.8,0.05,0.7099558410276997,0.6229
566,,,0.75,0.05,0.7213970293054998,0.7527
567,,,0.1,0.95,0.7929546366920915,0.818
568,,,0.1,0.6500000000000001,0.7105580088317944,0.7913
569,,,0.8,0.05,0.6689080690485749,0.6198
570,,,0.75,0.05,0.7520072260136491,0.7243
571,,,0.1,0.95,0.8858892011240466,0.7764
572,,,0.1,0.6500000000000001,0.8076073865917303,0.7578
573,,,0.8,0.05,0.6448213568847853,0.737
574,,,0.75,0.05,0.7071457246085909,0.691
575,,,0.1,0.95,0.7158771577679647,0.7077
576,,,0.1,0.6500000000000001,0.7305299076676034,0.731
577,,,0.8,0.05,0.7045363307908471,0.729
578,,,0.75,0.05,0.6767362505018065,0.7098
579,,,0.1,0.95,0.7392613408269771,0.7985
580,,,0.1,0.6500000000000001,0.7099558410276997,0.6376
581,,,0.8,0.05,0.747792051384986,0.7059
582,,,0.75,0.05,0.7226013649136893,0.6833
583,,,0.1,0.95,0.765154556403051,0.8326
584,,,0.1,0.6500000000000001,0.7158771577679647,0.7155
585,,,0.8,0.05,0.6157165796868728,0.5828
586,,,0.75,0.05,0.7295262946607788,0.5904
587,,,0.1,0.95,0.7896427137695704,0.7728
588,,,0.1,0.6500000000000001,0.6448213568847853,0.6078
589,,,0.8,0.05,0.6619831393014853,0.7867
590,,,0.75,0.05,0.7400642312324368,0.5797
591,,,0.1,0.95,0.8054997992773987,0.6769
592,,,0.1,0.6500000000000001,0.8007828181453231,0.6849
593,,,0.8,0.05,0.72671617824167,0.7022
594,,,0.75,0.05,0.7141710156563629,0.6384
595,,,0.1,0.95,0.724508229626656,0.7034
596,,,0.1,0.6500000000000001,0.689582496989161,0.7862
597,,,0.8,0.05,0.6781413087113609,0.6085
598,,,0.75,0.05,0.7096547571256524,0.8235
599,,,0.1,0.95,0.7191890806904857,0.804
600,,,0.1,0.6500000000000001,0.7217984745082296,0.7398
601,,,0.8,0.05,0.796366920915295,0.6898
602,,,0.75,0.05,0.7134684865515857,0.6707
603,,,0.1,0.95,0.5917302288237656,0.7274
604,,,0.1,0.6500000000000001,0.653552790044159,0.7683
605,,,0.8,0.05,0.7286230429546366,0.7603
606,,,0.75,0.05,0.7322360497792051,0.7398
607,,,0.1,0.95,0.7919510236852669,0.8094
608,,,0.1,0.6500000000000001,0.6210357286230429,0.7216
609,,,0.8,0.05,0.7083500602167804,0.6965
610,,,0.75,0.05,0.6936973103171417,0.6682
611,,,0.1,0.95,0.7008229626655962,0.6736
612,,,0.1,0.6500000000000001,0.7962665596146126,0.8047
613,,,0.8,0.05,0.6946005620232838,0.6741
614,,,0.75,0.05,0.7038338016860699,0.7308
615,,,0.1,0.95,0.6250501806503412,0.7302
616,,,0.1,0.6500000000000001,0.6586712163789643,0.6331
617,,,0.8,0.05,0.7703733440385387,0.7074
618,,,0.75,0.05,0.6456242472902449,0.6708
619,,,0.1,0.95,0.682757928542754,0.7935
620,,,0.1,0.6500000000000001,0.7827177840224809,0.7923
621,,,0.8,0.05,0.5675431553592934,0.7541
622,,,0.75,0.05,0.6844640706543557,0.5997
623,,,0.1,0.95,0.8847852268165396,0.7299
624,,,0.1,0.6500000000000001,0.8691288639100763,0.7769
625,,,0.8,0.05,0.710457647531112,0.6385
626,,,0.75,0.05,0.6786431152147732,0.6957
627,,,0.1,0.95,0.7994781212364512,0.6379
628,,,0.1,0.6500000000000001,0.7213970293054998,0.7943
629,,,0.8,0.05,0.7396627860297069,0.7362
630,,,0.75,0.05,0.6575672420714572,0.6213
631,,,0.1,0.95,0.744078683259735,0.8096
632,,,0.1,0.6500000000000001,0.7221999197109594,0.8663
633,,,0.8,0.05,0.6609795262946607,0.8245
634,,,0.75,0.05,0.7820152549177037,0.5712
635,,,0.1,0.95,0.7909474106784424,0.744
636,,,0.1,0.6500000000000001,0.7078482537133681,0.7043
637,,,0.8,0.05,0.7206945002007226,0.6782
638,,,0.75,0.05,0.6911882778000803,0.6197
639,,,0.1,0.95,0.6218386190285026,0.801
640,,,0.1,0.6500000000000001,0.8821758329987957,0.7746
641,,,0.8,0.05,0.6564632677639503,0.6094
642,,,0.75,0.05,0.601264552388599,0.6854
643,,,0.1,0.95,0.7486953030911281,0.7308
644,,,0.1,0.6500000000000001,0.7952629466077881,0.7113
645,,,0.8,0.05,0.6767362505018065,0.6262
646,,,0.75,0.05,0.7123645122440787,0.5971
647,,,0.1,0.95,0.8018867924528302,0.806
648,,,0.1,0.6500000000000001,0.7313327980730631,0.7395
649,,,0.8,0.05,0.6724207145724609,0.7256
650,,,0.75,0.05,0.6819550381372943,0.6309
651,,,0.1,0.95,0.6425130469690887,0.7926
652,,,0.1,0.6500000000000001,0.7896427137695704,0.618
653,,,0.8,0.05,0.6514452027298274,0.6106
654,,,0.75,0.05,0.7590325170614212,0.6369
655,,,0.1,0.95,0.7990766760337213,0.7361
656,,,0.1,0.6500000000000001,0.8032918506623846,0.7256
657,,,0.8,0.05,0.7618426334805299,0.7075
658,,,0.75,0.05,0.6425130469690887,0.7045
659,,,0.1,0.95,0.7382577278201525,0.7919
660,,,0.1,0.6500000000000001,0.8363107185869129,0.7199
661,,,0.8,0.05,0.7227017262143718,0.7086
662,,,0.75,0.05,0.7414692894419912,0.6794
663,,,0.1,0.95,0.7393617021276596,0.7852
664,,,0.1,0.6500000000000001,0.869731031714171,0.7873
665,,,0.8,0.05,0.75,0.6114
666,,,0.75,0.05,0.641910879164994,0.6489
667,,,0.1,0.95,0.7385588117222,0.8094
668,,,0.1,0.6500000000000001,0.8143315937374548,0.7741
669,,,0.8,0.05,0.6601766358892012,0.7124
670,,,0.75,0.05,0.6865716579686872,0.7493
671,,,0.1,0.95,0.7463869931754316,0.8256
672,,,0.1,0.6500000000000001,0.7755921316740265,0.7875
673,,,0.8,0.05,0.6458249698916098,0.6214
674,,,0.75,0.05,0.7505018065034122,0.6867
675,,,0.1,0.95,0.80800883179446,0.7328
676,,,0.1,0.6500000000000001,0.7903452428743476,0.787
677,,,0.8,0.05,0.8297872340425532,0.675
678,,,0.75,0.05,0.7621437173825772,0.6107
679,,,0.1,0.95,0.7918506623845845,0.8123
680,,,0.1,0.6500000000000001,0.6947009233239663,0.7413
681,,,0.8,0.05,0.5741670012043356,0.5775
682,,,0.75,0.05,0.7778000802890406,0.7054
683,,,0.1,0.95,0.8189482135688478,0.7465
684,,,0.1,0.6500000000000001,0.7918506623845845,0.7256
685,,,0.8,0.05,0.6414090726615816,0.7425
686,,,0.75,0.05,0.6519470092332397,0.6983
687,,,0.1,0.95,0.8230630268968285,0.646
688,,,0.1,0.6500000000000001,0.8678241670012043,0.689
689,,,0.8,0.05,0.7051384985949418,0.7025
690,,,0.75,0.05,0.6128061019670815,0.8295
691,,,0.1,0.95,0.8787635487755922,0.7812
692,,,0.1,0.6500000000000001,0.6206342834203131,0.7009
693,,,0.8,0.05,0.8186471296668005,0.5809
694,,,0.75,0.05,0.6998193496587716,0.7537
695,,,0.1,0.95,0.6591730228823766,0.7338
696,,,0.1,0.6500000000000001,0.7937575270975512,0.7192
697,,,0.8,0.05,0.7079486150140506,0.7278
698,,,0.75,0.05,0.7652549177037334,0.7577
699,,,0.1,0.95,0.781413087113609,0.8158
700,,,0.1,0.6500000000000001,0.722099558410277,0.7823
701,,,0.8,0.05,0.5652348454435969,0.6771
702,,,0.75,0.05,0.6441188277800081,0.605
703,,,0.1,0.95,0.8820754716981132,0.7318
704,,,0.1,0.6500000000000001,0.8516659975913288,0.8382
705,,,0.8,0.05,0.7044359694901646,0.6849
706,,,0.75,0.05,0.7412685668406263,0.7036
707,,,0.1,0.95,0.7364512244078684,0.6982
708,,,0.1,0.6500000000000001,0.7438779606583701,0.8388
709,,,0.8,0.05,0.7554195102368527,0.7575
710,,,0.75,0.05,0.7482938578883982,0.7495
711,,,0.1,0.95,0.8797671617824167,0.795
712,,,0.1,0.6500000000000001,0.6110999598554797,0.7969
713,,,0.8,0.05,0.6472300281011641,0.7394
714,,,0.75,0.05,0.7574267362505018,0.6087
715,,,0.1,0.95,0.7957647531112003,0.8257
716,,,0.1,0.6500000000000001,0.8049979927739863,0.7325
717,,,0.8,0.05,0.6878763548775592,0.6954
718,,,0.75,0.05,0.6845644319550381,0.7369
719,,,0.1,0.95,0.8362103572862304,0.6379
720,,,0.1,0.6500000000000001,0.6418105178643115,0.72
721,,,0.8,0.05,0.8013849859494179,0.7021
722,,,0.75,0.05,0.6969088719389803,0.7345
723,,,0.1,0.95,0.7701726214371738,0.6853
724,,,0.1,0.6500000000000001,0.6838619028502609,0.6084
725,,,0.8,0.05,0.8015857085507828,0.674
726,,,0.75,0.05,0.6982135688478522,0.7268
727,,,0.1,0.95,0.7072460859092734,0.8912
728,,,0.1,0.6500000000000001,0.718586912886391,0.7741
729,,,0.8,0.05,0.6940987555198715,0.8298
730,,,0.75,0.05,0.6492372541148134,0.6905
731,,,0.1,0.95,0.7394620634283421,0.7973
732,,,0.1,0.6500000000000001,0.6924929747089522,0.6519
733,,,0.8,0.05,0.6920915295062224,0.7509
734,,,0.75,0.05,0.6675030108390205,0.6281
735,,,0.1,0.95,0.7044359694901646,0.8253
736,,,0.1,0.6500000000000001,0.7379566439181052,0.6964
737,,,0.8,0.05,0.6470293054997993,0.7025
738,,,0.75,0.05,0.7572260136491369,0.6992
739,,,0.1,0.95,0.724307507025291,0.8059
740,,,0.1,0.6500000000000001,0.7114612605379366,0.6883
741,,,0.8,0.05,0.7501003613006825,0.7497
742,,,0.75,0.05,0.7456844640706544,0.6782
743,,,0.1,0.95,0.7210959454034525,0.8861
744,,,0.1,0.6500000000000001,0.7334403853873946,0.7717
745,,,0.8,0.05,0.7298273785628262,0.7051
746,,,0.75,0.05,0.6103974307507025,0.6354
747,,,0.1,0.95,0.7087515054195103,0.8012
748,,,0.1,0.6500000000000001,0.6814532316338819,0.7895
749,,,0.8,0.05,0.5124448012846247,0.7282
750,,,0.75,0.05,0.7253111200321156,0.7625
751,,,0.1,0.95,0.8922119630670413,0.8737
752,,,0.1,0.6500000000000001,0.6914893617021277,0.6504
753,,,0.8,0.05,0.7159775190686472,0.7349
754,,,0.75,0.05,0.6502408671216379,0.6907
755,,,0.1,0.95,0.7424729024488157,0.6511
756,,,0.1,0.6500000000000001,0.8008831794460056,0.6142
757,,,0.8,0.05,0.7198916097952629,0.7034
758,,,0.75,0.05,0.7231031714171016,0.6955
759,,,0.1,0.95,0.7993777599357688,0.6944
760,,,0.1,0.6500000000000001,0.5229827378562826,0.7334
761,,,0.8,0.05,0.7615415495784825,0.6744
762,,,0.75,0.05,0.7092533119229225,0.7101
763,,,0.1,0.95,0.7653552790044159,0.7463
764,,,0.1,0.6500000000000001,0.7013247691690084,0.7938
765,,,0.8,0.05,0.8012846246487354,0.617
766,,,0.75,0.05,0.831493376154155,0.7396
767,,,0.1,0.95,0.6993175431553593,0.8067
768,,,0.1,0.6500000000000001,0.7988759534323565,0.7337
769,,,0.8,0.05,0.5791850662384584,0.7377
770,,,0.75,0.05,0.7030309112806102,0.555
771,,,0.1,0.95,0.7388598956242473,0.8541
772,,,0.1,0.6500000000000001,0.6940987555198715,0.7382
773,,,0.8,0.05,0.7508028904054597,0.7926
774,,,0.75,0.05,0.7278201525491771,0.6155
775,,,0.1,0.95,0.7386591730228824,0.7524
776,,,0.1,0.6500000000000001,0.7226013649136893,0.7558
777,,,0.8,0.05,0.6274588518667202,0.773
778,,,0.75,0.05,0.6956041750301084,0.6575
779,,,0.1,0.95,0.6547571256523484,0.7674
780,,,0.1,0.6500000000000001,0.723203532717784,0.7925
781,,,0.8,0.05,0.6472300281011641,0.6751
782,,,0.75,0.05,0.7574267362505018,0.6673
783,,,0.1,0.95,0.7392613408269771,0.8891
784,,,0.1,0.6500000000000001,0.6916900843034925,0.7174
785,,,0.8,0.05,0.7628462464873544,0.6676
786,,,0.75,0.05,0.6816539542352469,0.7679
787,,,0.1,0.95,0.7887394620634284,0.8064
788,,,0.1,0.6500000000000001,0.7947611401043757,0.7664
789,,,0.8,0.05,0.7783018867924528,0.6291
790,,,0.75,0.05,0.6697109594540345,0.6747
791,,,0.1,0.95,0.7551184263348053,0.8258
792,,,0.1,0.6500000000000001,0.6992171818546769,0.7333
793,,,0.8,0.05,0.7690686471296668,0.6428
794,,,0.75,0.05,0.5596146126053794,0.8234
795,,,0.1,0.95,0.7344439983942191,0.8011
796,,,0.1,0.6500000000000001,0.7494981934965878,0.8664
797,,,0.8,0.05,0.6018667201926937,0.8017
798,,,0.75,0.05,0.7700722601364913,0.7965
799,,,0.1,0.95,0.7391609795262947,0.7201
800,,,0.1,0.6500000000000001,0.6356884785226816,0.7902
801,,,0.8,0.05,0.7600361300682457,0.6232
802,,,0.75,0.05,0.8028904054596547,0.6997
803,,,0.1,0.95,0.7354476114010438,0.7852
804,,,0.1,0.6500000000000001,0.7678643115214773,0.8573
805,,,0.8,0.05,0.6923926134082697,0.7151
806,,,0.75,0.05,0.6864712966680048,0.6944
807,,,0.1,0.95,0.8187474909674829,0.6554
808,,,0.1,0.6500000000000001,0.6717181854676837,0.7544
809,,,0.8,0.05,0.6879767161782416,0.7591
810,,,0.75,0.05,0.6937976716178241,0.6946
811,,,0.1,0.95,0.8010839020473706,0.7312
812,,,0.1,0.6500000000000001,0.7328382175832999,0.8005
813,,,0.8,0.05,0.6756322761942994,0.686
814,,,0.75,0.05,0.6590726615816941,0.6963
815,,,0.1,0.95,0.8277800080289041,0.7935
816,,,0.1,0.6500000000000001,0.7360497792051385,0.7955
817,,,0.8,0.05,0.6279606583701325,0.6921
818,,,0.75,0.05,0.6329787234042553,0.7171
819,,,0.1,0.95,0.8436370935367322,0.804
820,,,0.1,0.6500000000000001,0.6387996788438378,0.7628
821,,,0.8,0.05,0.6805499799277399,0.754
822,,,0.75,0.05,0.7199919710959454,0.7116
823,,,0.1,0.95,0.6703131272581293,0.7244
824,,,0.1,0.6500000000000001,0.7676635889201124,0.618
825,,,0.8,0.05,0.7653552790044159,0.5412
826,,,0.75,0.05,0.7999799277398635,0.7437
827,,,0.1,0.95,0.8801686069851465,0.6962
828,,,0.1,0.6500000000000001,0.8592934564431955,0.6971
829,,,0.8,0.05,0.6637896427137696,0.636
830,,,0.75,0.05,0.6006623845845042,0.6718
831,,,0.1,0.95,0.8108189482135688,0.7448
832,,,0.1,0.6500000000000001,0.7214973906061822,0.7425
833,,,0.8,0.05,0.6676033721397029,0.6335
834,,,0.75,0.05,0.5305098354074669,0.76
835,,,0.1,0.95,0.8828783621035728,0.7305
836,,,0.1,0.6500000000000001,0.7106583701324769,0.8522
837,,,0.8,0.05,0.6630871136089924,0.7765
838,,,0.75,0.05,0.6509433962264151,0.7246
839,,,0.1,0.95,0.7994781212364512,0.7239
840,,,0.1,0.6500000000000001,0.8618024889602569,0.7934
841,,,0.8,0.05,0.7301284624648735,0.7016
842,,,0.75,0.05,0.7785026093938178,0.7005
843,,,0.1,0.95,0.7196908871938981,0.8155
844,,,0.1,0.6500000000000001,0.6362906463267763,0.7255
845,,,0.8,0.05,0.823163388197511,0.5472
846,,,0.75,0.05,0.7724809313528703,0.6365
847,,,0.1,0.95,0.8278803693295865,0.7293
848,,,0.1,0.6500000000000001,0.7784022480931353,0.7112
849,,,0.8,0.05,0.706945002007226,0.668
850,,,0.75,0.05,0.6942994781212365,0.6412
851,,,0.1,0.95,0.8048976314733038,0.7284
852,,,0.1,0.6500000000000001,0.7744881573665194,0.7871
853,,,0.8,0.05,0.793054997992774,0.6796
854,,,0.75,0.05,0.7493978321959053,0.7369
855,,,0.1,0.95,0.8921116017663588,0.8072
856,,,0.1,0.6500000000000001,0.6566639903653151,0.7273
857,,,0.8,0.05,0.6905861099959856,0.768
858,,,0.75,0.05,0.7369530309112806,0.6136
859,,,0.1,0.95,0.7465877157767965,0.8275
860,,,0.1,0.6500000000000001,0.72099558410277,0.7748
861,,,0.8,0.05,0.6485347250100362,0.667
862,,,0.75,0.05,0.6418105178643115,0.8036
863,,,0.1,0.95,0.8054997992773987,0.8031
864,,,0.1,0.6500000000000001,0.7960658370132477,0.7021
865,,,0.8,0.05,0.7180851063829787,0.6782
866,,,0.75,0.05,0.7816138097149739,0.7423
867,,,0.1,0.95,0.6620835006021678,0.7235
868,,,0.1,0.6500000000000001,0.7016258530710558,0.7288
869,,,0.8,0.05,0.6435166599759133,0.6719
870,,,0.75,0.05,0.7509032517061421,0.7339
871,,,0.1,0.95,0.8124247290244881,0.6895
872,,,0.1,0.6500000000000001,0.8639100762745885,0.7015
873,,,0.8,0.05,0.7364512244078684,0.6476
874,,,0.75,0.05,0.7733841830590125,0.7661
875,,,0.1,0.95,0.7344439983942191,0.8737
876,,,0.1,0.6500000000000001,0.7138699317543156,0.6809
877,,,0.8,0.05,0.6984142914492172,0.6281
878,,,0.75,0.05,0.7169811320754716,0.6215
879,,,0.1,0.95,0.8029907667603372,0.7321
880,,,0.1,0.6500000000000001,0.8097149739060618,0.7262
881,,,0.8,0.05,0.8099156965074268,0.6542
882,,,0.75,0.05,0.6805499799277399,0.6448
883,,,0.1,0.95,0.8084102769971899,0.7026
884,,,0.1,0.6500000000000001,0.7801083902047371,0.7883
885,,,0.8,0.05,0.6951023685266962,0.6174
886,,,0.75,0.05,0.5871136089923725,0.6161
887,,,0.1,0.95,0.6464271376957046,0.7984
888,,,0.1,0.6500000000000001,0.6938980329185066,0.8791
889,,,0.8,0.05,0.7384584504215175,0.8263
890,,,0.75,0.05,0.7659574468085106,0.6125
891,,,0.1,0.95,0.7195905258932156,0.8364
892,,,0.1,0.6500000000000001,0.715074267362505,0.6542
893,,,0.8,0.05,0.6301686069851465,0.6868
894,,,0.75,0.05,0.6950020072260137,0.8288
895,,,0.1,0.95,0.8583902047370534,0.8065
896,,,0.1,0.6500000000000001,0.8459454034524287,0.8597
897,,,0.8,0.05,0.7494981934965878,0.6798
898,,,0.75,0.05,0.7897430750702529,0.7702
899,,,0.1,0.95,0.7313327980730631,0.7758
900,,,0.1,0.6500000000000001,0.8529706945002007,0.7864
901,,,0.8,0.05,0.6588719389803291,0.7667
902,,,0.75,0.05,0.8253713368125251,0.7536
903,,,0.1,0.95,0.6633881975110397,0.7987
904,,,0.1,0.6500000000000001,0.8621035728623043,0.7283
905,,,0.8,0.05,0.8114211160176635,0.6452
906,,,0.75,0.05,0.6196306704134885,0.7968
907,,,0.1,0.95,0.7438779606583701,0.882
908,,,0.1,0.6500000000000001,0.8522681653954235,0.6656
909,,,0.8,0.05,0.7413689281413087,0.7218
910,,,0.75,0.05,0.5800883179446006,0.6326
911,,,0.1,0.95,0.8886993175431553,0.7284
912,,,0.1,0.6500000000000001,0.7037334403853874,0.719
913,,,0.8,0.05,0.6880770774789241,0.7543
914,,,0.75,0.05,0.5927338418305901,0.7643
915,,,0.1,0.95,0.8036932958651144,0.8106
916,,,0.1,0.6500000000000001,0.6287635487755922,0.722
917,,,0.8,0.05,0.7795062224006423,0.7454
918,,,0.75,0.05,0.5756724207145725,0.5986
919,,,0.1,0.95,0.808209554395825,0.8738
920,,,0.1,0.6500000000000001,0.7813127258129265,0.7619
921,,,0.8,0.05,0.607185869128864,0.6404
922,,,0.75,0.05,0.6598755519871538,0.5842
923,,,0.1,0.95,0.762745885186672,0.7756
924,,,0.1,0.6500000000000001,0.774387796065837,0.8563
925,,,0.8,0.05,0.7468887996788438,0.7636
926,,,0.75,0.05,0.6829586511441188,0.6632
927,,,0.1,0.95,0.798976314733039,0.819
928,,,0.1,0.6500000000000001,0.8669209152950622,0.8413
929,,,0.8,0.05,0.6057808109193095,0.7069
930,,,0.75,0.05,0.6962063428342031,0.6946
931,,,0.1,0.95,0.7273183460457647,0.8147
932,,,0.1,0.6500000000000001,0.774387796065837,0.853
933,,,0.8,0.05,0.6740264953833802,0.6932
934,,,0.75,0.05,0.7247089522280209,0.8159
935,,,0.1,0.95,0.6955038137294259,0.7996
936,,,0.1,0.6500000000000001,0.7845242874347651,0.7174
937,,,0.8,0.05,0.7771979124849459,0.6231
938,,,0.75,0.05,0.6276595744680851,0.7001
939,,,0.1,0.95,0.6504415897230028,0.8166
940,,,0.1,0.6500000000000001,0.7186872741870735,0.7985
941,,,0.8,0.05,0.7961661983139301,0.698
942,,,0.75,0.05,0.637294259333601,0.8237
943,,,0.1,0.95,0.744078683259735,0.7122
944,,,0.1,0.6500000000000001,0.6353873946206343,0.808
945,,,0.8,0.05,0.6776395022079487,0.6898
946,,,0.75,0.05,0.6940987555198715,0.6565
947,,,0.1,0.95,0.8114211160176635,0.7276
948,,,0.1,0.6500000000000001,0.7066439181051787,0.7153
949,,,0.8,0.05,0.6757326374949819,0.7603
950,,,0.75,0.05,0.7015254917703734,0.74
951,,,0.1,0.95,0.8063026896828583,0.8377
952,,,0.1,0.6500000000000001,0.6315736651947009,0.6841
953,,,0.8,0.05,0.7018265756724207,0.7916
954,,,0.75,0.05,0.7561220393416299,0.6807
955,,,0.1,0.95,0.8097149739060618,0.8634
956,,,0.1,0.6500000000000001,0.7838217583299879,0.7967
957,,,0.8,0.05,0.8173424327579285,0.6982
958,,,0.75,0.05,0.7469891609795263,0.6572
959,,,0.1,0.95,0.7298273785628262,0.7983
960,,,0.1,0.6500000000000001,0.7083500602167804,0.7308
961,,,0.8,0.05,0.7231031714171016,0.6868
962,,,0.75,0.05,0.5715576073865918,0.6477
963,,,0.1,0.95,0.8924126856684063,0.8788
964,,,0.1,0.6500000000000001,0.7322360497792051,0.7299
965,,,0.8,0.05,0.8313930148534725,0.7087
966,,,0.75,0.05,0.6937976716178241,0.7507
967,,,0.1,0.95,0.8041951023685266,0.7263
968,,,0.1,0.6500000000000001,0.7136692091529506,0.8078
969,,,0.8,0.05,0.6547571256523484,0.6804
970,,,0.75,0.05,0.6472300281011641,0.691
971,,,0.1,0.95,0.722099558410277,0.8946
972,,,0.1,0.6500000000000001,0.7144720995584103,0.864
973,,,0.8,0.05,0.6970092332396628,0.6965
974,,,0.75,0.05,0.6806503412284223,0.7561
975,,,0.1,0.95,0.7075471698113207,0.8268
976,,,0.1,0.6500000000000001,0.7210959454034525,0.7799
977,,,0.8,0.05,0.6415094339622641,0.6955
978,,,0.75,0.05,0.5261942994781212,0.5471
979,,,0.1,0.95,0.7369530309112806,0.8619
980,,,0.1,0.6500000000000001,0.7995784825371337,0.6933
981,,,0.8,0.05,0.5589120835006022,0.6628
982,,,0.75,0.05,0.8077077478924127,0.6757
983,,,0.1,0.95,0.7180851063829787,0.7378
984,,,0.1,0.6500000000000001,0.7681653954235247,0.7393
985,,,0.8,0.05,0.6669008430349257,0.657
986,,,0.75,0.05,0.7003211561621838,0.7086
987,,,0.1,0.95,0.7228020875150541,0.8207
988,,,0.1,0.6500000000000001,0.7978723404255319,0.7052
989,,,0.8,0.05,0.7584303492573263,0.764
990,,,0.75,0.05,0.6853673223604978,0.7329
991,,,0.1,0.95,0.7108590927338418,0.8134
992,,,0.1,0.6500000000000001,0.7095543958249699,0.6663
993,,,0.8,0.05,0.599959855479727,0.7646
994,,,0.75,0.05,0.7202930549979928,0.6386
995,,,0.1,0.95,0.8087113608992372,0.7279
996,,,0.1,0.6500000000000001,0.8014853472501003,0.7942
997,,,0.8,0.05,0.6912886391007628,0.7681
998,,,0.75,0.05,0.7472902448815737,0.6051
999,,,0.1,0.95,0.6514452027298274,0.8072
1000,,,0.1,0.6500000000000001,0.764953833801686,0.7969
1001,,,0.8,0.05,0.6375953432356484,0.6983
1002,,,0.75,0.05,0.7272179847450823,0.7035
1003,,,0.1,0.95,0.793054997992774,0.6598
1004,,,0.1,0.6500000000000001,0.6453231633881975,0.6851
1005,,,0.8,0.05,0.7341429144921718,0.5831
1006,,,0.75,0.05,0.677739863508631,0.701
1007,,,0.1,0.95,0.722099558410277,0.6636
1008,,,0.1,0.6500000000000001,0.7731834604576475,0.7321
1009,,,0.8,0.05,0.7471898835808912,0.6264
1010,,,0.75,0.05,0.6389000401445203,0.6685
1011,,,0.1,0.95,0.7280208751505419,0.8909
1012,,,0.1,0.6500000000000001,0.7898434363709353,0.7067
1013,,,0.8,0.05,0.6031714171015656,0.7147
1014,,,0.75,0.05,0.7474909674829385,0.7565
1015,,,0.1,0.95,0.7048374146928944,0.6926
1016,,,0.1,0.6500000000000001,0.7323364110798876,0.6931
1017,,,0.8,0.05,0.674227217984745,0.8396
1018,,,0.75,0.05,0.6838619028502609,0.601
1019,,,0.1,0.95,0.7978723404255319,0.8743
1020,,,0.1,0.6500000000000001,0.7244078683259735,0.8377
1021,,,0.8,0.05,0.6468285828984344,0.7192
1022,,,0.75,0.05,0.6965074267362505,0.7174
1023,,,0.1,0.95,0.8753512645523887,0.7198
1024,,,0.1,0.6500000000000001,0.7893416298675231,0.8084
1025,,,0.8,0.05,0.6728221597751907,0.7286
1026,,,0.75,0.05,0.6873745483741469,0.6898
1027,,,0.1,0.95,0.7517061421116018,0.6476
1028,,,0.1,0.6500000000000001,0.8463468486551585,0.7358
1029,,,0.8,0.05,0.7720794861501405,0.6909
1030,,,0.75,0.05,0.6612806101967081,0.6095
1031,,,0.1,0.95,0.7829185066238459,0.7522
1032,,,0.1,0.6500000000000001,0.6664993978321959,0.8699
1033,,,0.8,0.05,0.7689682858289844,0.7272
1034,,,0.75,0.05,0.6833600963468487,0.6639
1035,,,0.1,0.95,0.891910879164994,0.7966
1036,,,0.1,0.6500000000000001,0.8074066639903653,0.8845
1037,,,0.8,0.05,0.729124849458049,0.7188
1038,,,0.75,0.05,0.679044560417503,0.6757
1039,,,0.1,0.95,0.886190285026094,0.8118
1040,,,0.1,0.6500000000000001,0.7189883580891209,0.8643
1041,,,0.8,0.05,0.6433159373745484,0.7875
1042,,,0.75,0.05,0.6702127659574468,0.6752
1043,,,0.1,0.95,0.7949618627057407,0.7709
1044,,,0.1,0.6500000000000001,0.7292252107587315,0.5774
1045,,,0.8,0.05,0.7135688478522682,0.6951
1046,,,0.75,0.05,0.660578081091931,0.5888
1047,,,0.1,0.95,0.8912083500602168,0.7085
1048,,,0.1,0.6500000000000001,0.6719189080690485,0.6136
1049,,,0.8,0.05,0.6903853873946206,0.7787
1050,,,0.75,0.05,0.697511039743075,0.5599
1051,,,0.1,0.95,0.6611802488960257,0.7281
1052,,,0.1,0.6500000000000001,0.8168406262545163,0.7036
1053,,,0.8,0.05,0.7759935768767563,0.7088
1054,,,0.75,0.05,0.6770373344038538,0.7441
1055,,,0.1,0.95,0.8088117221999197,0.6945
1056,,,0.1,0.6500000000000001,0.7110598153352068,0.7292
1057,,,0.8,0.05,0.6114010437575271,0.6997
1058,,,0.75,0.05,0.7086511441188278,0.6766
1059,,,0.1,0.95,0.8140305098354075,0.7683
1060,,,0.1,0.6500000000000001,0.6757326374949819,0.7959
1061,,,0.8,0.05,0.6758329987956644,0.6182
1062,,,0.75,0.05,0.679044560417503,0.7401
1063,,,0.1,0.95,0.7303291850662385,0.8104
1064,,,0.1,0.6500000000000001,0.725612203934163,0.7157
1065,,,0.8,0.05,0.6974106784423926,0.7167
1066,,,0.75,0.05,0.7650541951023685,0.7622
1067,,,0.1,0.95,0.7236049779205138,0.7446
1068,,,0.1,0.6500000000000001,0.770875150541951,0.6974
1069,,,0.8,0.05,0.6233440385387394,0.6631
1070,,,0.75,0.05,0.6494379767161782,0.7645
1071,,,0.1,0.95,0.7646527498996387,0.826
1072,,,0.1,0.6500000000000001,0.7323364110798876,0.8612
1073,,,0.8,0.05,0.7594339622641509,0.7081
1074,,,0.75,0.05,0.659474106784424,0.8285
1075,,,0.1,0.95,0.8016860698514653,0.6965
1076,,,0.1,0.6500000000000001,0.5982537133681253,0.7613
1077,,,0.8,0.05,0.6563629064632678,0.6271
1078,,,0.75,0.05,0.6132075471698113,0.7145
1079,,,0.1,0.95,0.7429747089522281,0.7356
1080,,,0.1,0.6500000000000001,0.7646527498996387,0.7847
1081,,,0.8,0.05,0.6775391409072662,0.6415
1082,,,0.75,0.05,0.7158771577679647,0.5647
1083,,,0.1,0.95,0.8814733038940185,0.7105
1084,,,0.1,0.6500000000000001,0.69199116820554,0.6369
1085,,,0.8,0.05,0.7113608992372541,0.6275
1086,,,0.75,0.05,0.6027699718988359,0.6964
1087,,,0.1,0.95,0.7480931352870334,0.6119
1088,,,0.1,0.6500000000000001,0.563930148534725,0.8067
1089,,,0.8,0.05,0.7351465274989963,0.6349
1090,,,0.75,0.05,0.616218386190285,0.7177
1091,,,0.1,0.95,0.7076475311120032,0.7981
1092,,,0.1,0.6500000000000001,0.7076475311120032,0.7995
1093,,,0.8,0.05,0.7289241268566841,0.7221
1094,,,0.75,0.05,0.6677037334403854,0.6193
1095,,,0.1,0.95,0.7451826575672421,0.8393
1096,,,0.1,0.6500000000000001,0.7877358490566038,0.86
1097,,,0.8,0.05,0.613809714973906,0.7045
1098,,,0.75,0.05,0.6107988759534324,0.6143
1099,,,0.1,0.95,0.8036932958651144,0.7135
1100,,,0.1,0.6500000000000001,0.7193898032918506,0.7135
1101,,,0.8,0.05,0.7442794058611,0.6341
1102,,,0.75,0.05,0.7485949417904456,0.646
1103,,,0.1,0.95,0.7325371336812525,0.8354
1104,,,0.1,0.6500000000000001,0.7377559213167403,0.6516
1105,,,0.8,0.05,0.7557205941389,0.7285
1106,,,0.75,0.05,0.7505018065034122,0.6198
1107,,,0.1,0.95,0.6630871136089924,0.652
1108,,,0.1,0.6500000000000001,0.7838217583299879,0.6582
1109,,,0.8,0.05,0.6773384183059012,0.7713
1110,,,0.75,0.05,0.7587314331593737,0.7593
1111,,,0.1,0.95,0.6939983942191891,0.8074
1112,,,0.1,0.6500000000000001,0.80228823765556,0.671
1113,,,0.8,0.05,0.694399839421919,0.6861
1114,,,0.75,0.05,0.6754315535929346,0.732
1115,,,0.1,0.95,0.6248494580489763,0.7416
1116,,,0.1,0.6500000000000001,0.7083500602167804,0.7025
1117,,,0.8,0.05,0.6806503412284223,0.7092
1118,,,0.75,0.05,0.7374548374146929,0.6297
1119,,,0.1,0.95,0.8133279807306303,0.8113
1120,,,0.1,0.6500000000000001,0.7913488558811722,0.7373
1121,,,0.8,0.05,0.6993175431553593,0.8357
1122,,,0.75,0.05,0.7563227619429947,0.6098
1123,,,0.1,0.95,0.6645925331192293,0.6429
1124,,,0.1,0.6500000000000001,0.7258129265355279,0.8082
1125,,,0.8,0.05,0.7698715375351265,0.5879
1126,,,0.75,0.05,0.6381975110397431,0.6997
1127,,,0.1,0.95,0.7363508631071859,0.8028
1128,,,0.1,0.6500000000000001,0.8133279807306303,0.7067
1129,,,0.8,0.05,0.5963468486551585,0.6939
1130,,,0.75,0.05,0.6688077077478924,0.6728
1131,,,0.1,0.95,0.7305299076676034,0.7035
1132,,,0.1,0.6500000000000001,0.7175832998795665,0.791
1133,,,0.8,0.05,0.6165194700923324,0.6682
1134,,,0.75,0.05,0.5480730630268968,0.5992
1135,,,0.1,0.95,0.7189883580891209,0.7984
1136,,,0.1,0.6500000000000001,0.7175832998795665,0.6751
1137,,,0.8,0.05,0.7205941389000401,0.6267
1138,,,0.75,0.05,0.7044359694901646,0.714
1139,,,0.1,0.95,0.6619831393014853,0.7306
1140,,,0.1,0.6500000000000001,0.6148133279807306,0.8699
1141,,,0.8,0.05,0.7805098354074669,0.7668
1142,,,0.75,0.05,0.7321356884785227,0.6606
1143,,,0.1,0.95,0.8283821758329988,0.7328
1144,,,0.1,0.6500000000000001,0.8681252509032517,0.7505
1145,,,0.8,0.05,0.7368526696105981,0.6342
1146,,,0.75,0.05,0.6992171818546769,0.7786
1147,,,0.1,0.95,0.8914090726615816,0.8169
1148,,,0.1,0.6500000000000001,0.6947009233239663,0.7893
1149,,,0.8,0.05,0.6829586511441188,0.7026
1150,,,0.75,0.05,0.7364512244078684,0.7108
1151,,,0.1,0.95,0.8005820955439582,0.7394
1152,,,0.1,0.6500000000000001,0.7681653954235247,0.7242
1153,,,0.8,0.05,0.6741268566840626,0.6053
1154,,,0.75,0.05,0.6053793657165797,0.7077
1155,,,0.1,0.95,0.7265154556403051,0.8007
1156,,,0.1,0.6500000000000001,0.7161782416700121,0.711
1157,,,0.8,0.05,0.6466278602970694,0.7295
1158,,,0.75,0.05,0.7914492171818547,0.7569
1159,,,0.1,0.95,0.8155359293456443,0.722
1160,,,0.1,0.6500000000000001,0.7130670413488559,0.8455
1161,,,0.8,0.05,0.6235447611401044,0.5707
1162,,,0.75,0.05,0.7655560016057809,0.714
1163,,,0.1,0.95,0.6640907266158169,0.695
1164,,,0.1,0.6500000000000001,0.8426334805299077,0.7828
1165,,,0.8,0.05,0.7176836611802488,0.7177
1166,,,0.75,0.05,0.7608390204737053,0.6298
1167,,,0.1,0.95,0.8223604977920513,0.79
1168,,,0.1,0.6500000000000001,0.7239060618225612,0.8698
1169,,,0.8,0.05,0.6285628261742272,0.609
1170,,,0.75,0.05,0.7255118426334806,0.8001
1171,,,0.1,0.95,0.6174227217984745,0.7356
1172,,,0.1,0.6500000000000001,0.718586912886391,0.8112
1173,,,0.8,0.05,0.7449819349658772,0.6757
1174,,,0.75,0.05,0.6620835006021678,0.7079
1175,,,0.1,0.95,0.8211561621838619,0.8099
1176,,,0.1,0.6500000000000001,0.7179847450822963,0.8049
1177,,,0.8,0.05,0.6593737454837415,0.6821
1178,,,0.75,0.05,0.7717784022480931,0.7026
1179,,,0.1,0.95,0.7502007226013649,0.7899
1180,,,0.1,0.6500000000000001,0.7460859092733841,0.6639
1181,,,0.8,0.05,0.7445804897631473,0.6913
1182,,,0.75,0.05,0.6632878362103573,0.6952
1183,,,0.1,0.95,0.723404255319149,0.6964
1184,,,0.1,0.6500000000000001,0.6064833400240867,0.661
1185,,,0.8,0.05,0.6244480128462465,0.6611
1186,,,0.75,0.05,0.6830590124448013,0.7155
1187,,,0.1,0.95,0.880268968285829,0.6943
1188,,,0.1,0.6500000000000001,0.7339421918908069,0.7917
1189,,,0.8,0.05,0.6838619028502609,0.7793
1190,,,0.75,0.05,0.648735447611401,0.6664
1191,,,0.1,0.95,0.7180851063829787,0.6644
1192,,,0.1,0.6500000000000001,0.712866318747491,0.7598
1193,,,0.8,0.05,0.6820553994379767,0.8254
1194,,,0.75,0.05,0.6530509835407466,0.8097
1195,,,0.1,0.95,0.8041951023685266,0.8076
1196,,,0.1,0.6500000000000001,0.6406061822561221,0.7978
1197,,,0.8,0.05,0.6974106784423926,0.7423
1198,,,0.75,0.05,0.6820553994379767,0.7626
1199,,,0.1,0.95,0.8826776395022079,0.7646
1200,,,0.1,0.6500000000000001,0.7788036932958651,0.8007
1201,,,0.8,0.05,0.8132276194299478,0.7805
1202,,,0.75,0.05,0.5608189482135688,0.7222
1203,,,0.1,0.95,0.73243677238057,0.6597
1204,,,0.1,0.6500000000000001,0.8437374548374147,0.7374
1205,,,0.8,0.05,0.7064431955038137,0.8266
1206,,,0.75,0.05,0.70915295062224,0.6304
1207,,,0.1,0.95,0.7296266559614613,0.7163
1208,,,0.1,0.6500000000000001,0.6277599357687675,0.7451
1209,,,0.8,0.05,0.7433761541549578,0.6838
1210,,,0.75,0.05,0.732637494981935,0.6772
1211,,,0.1,0.95,0.7343436370935368,0.7306
1212,,,0.1,0.6500000000000001,0.8644118827780009,0.7055
1213,,,0.8,0.05,0.7938578883982337,0.8118
1214,,,0.75,0.05,0.6880770774789241,0.6342
1215,,,0.1,0.95,0.8159373745483741,0.8217
1216,,,0.1,0.6500000000000001,0.7028301886792453,0.6712
1217,,,0.8,0.05,0.6282617422721799,0.6438
1218,,,0.75,0.05,0.6876756322761943,0.6252
1219,,,0.1,0.95,0.574468085106383,0.8018
1220,,,0.1,0.6500000000000001,0.7402649538338016,0.7764
1221,,,0.8,0.05,0.7617422721798475,0.6832
1222,,,0.75,0.05,0.65686471296668,0.75
1223,,,0.1,0.95,0.8267763950220794,0.7402
1224,,,0.1,0.6500000000000001,0.72671617824167,0.6549
1225,,,0.8,0.05,0.7338418305901244,0.7509
1226,,,0.75,0.05,0.6960056202328382,0.6706
1227,,,0.1,0.95,0.7328382175832999,0.8456
1228,,,0.1,0.6500000000000001,0.647631473303894,0.8648
1229,,,0.8,0.05,0.7205941389000401,0.6739
1230,,,0.75,0.05,0.6460256924929747,0.7174
1231,,,0.1,0.95,0.8095142513046969,0.6631
1232,,,0.1,0.6500000000000001,0.7218988358089121,0.6938
1233,,,0.8,0.05,0.7610397430750703,0.6675
1234,,,0.75,0.05,0.6379967884383781,0.6724
1235,,,0.1,0.95,0.8148334002408671,0.7518
1236,,,0.1,0.6500000000000001,0.7528101164191088,0.7262
1237,,,0.8,0.05,0.7166800481734243,0.7073
1238,,,0.75,0.05,0.6990164592533119,0.7584
1239,,,0.1,0.95,0.8753512645523887,0.7383
1240,,,0.1,0.6500000000000001,0.697511039743075,0.6455
1241,,,0.8,0.05,0.7785026093938178,0.6785
1242,,,0.75,0.05,0.7040345242874347,0.6718
1243,,,0.1,0.95,0.8181453231633882,0.7509
1244,,,0.1,0.6500000000000001,0.7610397430750703,0.8038
1245,,,0.8,0.05,0.6899839421918909,0.7382
1246,,,0.75,0.05,0.734845443596949,0.6089
1247,,,0.1,0.95,0.6664993978321959,0.7266
1248,,,0.1,0.6500000000000001,0.6946005620232838,0.7246
1249,,,0.8,0.05,0.6632878362103573,0.7425
1250,,,0.75,0.05,0.7590325170614212,0.7182
1251,,,0.1,0.95,0.8148334002408671,0.8073
1252,,,0.1,0.6500000000000001,0.7954636692091529,0.7646
1253,,,0.8,0.05,0.6580690485748695,0.6765
1254,,,0.75,0.05,0.7084504215174628,0.757
1255,,,0.1,0.95,0.8004817342432758,0.73
1256,,,0.1,0.6500000000000001,0.8596949016459253,0.7961
1257,,,0.8,0.05,0.6189281413087113,0.6049
1258,,,0.75,0.05,0.6905861099959856,0.6999
1259,,,0.1,0.95,0.6807507025291047,0.8161
1260,,,0.1,0.6500000000000001,0.8727418707346447,0.7692
1261,,,0.8,0.05,0.7347450822962666,0.6764
1262,,,0.75,0.05,0.7480931352870334,0.7078
1263,,,0.1,0.95,0.7492974708952228,0.8868
1264,,,0.1,0.6500000000000001,0.7839221196306704,0.7227
1265,,,0.8,0.05,0.660377358490566,0.7009
1266,,,0.75,0.05,0.6842633480529907,0.6926
1267,,,0.1,0.95,0.7375551987153753,0.8846
1268,,,0.1,0.6500000000000001,0.6182256122039341,0.7329
1269,,,0.8,0.05,0.6646928944199116,0.6329
1270,,,0.75,0.05,0.7850260939381775,0.6902
1271,,,0.1,0.95,0.7913488558811722,0.7322
1272,,,0.1,0.6500000000000001,0.7760939381774388,0.7818
1273,,,0.8,0.05,0.7711762344439984,0.7526
1274,,,0.75,0.05,0.7226013649136893,0.69
1275,,,0.1,0.95,0.7421718185467684,0.807
1276,,,0.1,0.6500000000000001,0.7130670413488559,0.7945
1277,,,0.8,0.05,0.6314733038940185,0.6038
1278,,,0.75,0.05,0.7780008028904054,0.623
1279,,,0.1,0.95,0.7170814933761541,0.8049
1280,,,0.1,0.6500000000000001,0.7135688478522682,0.628
1281,,,0.8,0.05,0.6990164592533119,0.6321
1282,,,0.75,0.05,0.7519068647129666,0.7196
1283,,,0.1,0.95,0.7258129265355279,0.7224
1284,,,0.1,0.6500000000000001,0.7903452428743476,0.868
1285,,,0.8,0.05,0.7044359694901646,0.6465
1286,,,0.75,0.05,0.7502007226013649,0.6038
1287,,,0.1,0.95,0.8064030509835407,0.8031
1288,,,0.1,0.6500000000000001,0.5464672822159775,0.7116
1289,,,0.8,0.05,0.7049377759935769,0.6338
1290,,,0.75,0.05,0.7237053392211963,0.6377
1291,,,0.1,0.95,0.6642914492171819,0.8093
1292,,,0.1,0.6500000000000001,0.7053392211963067,0.7144
1293,,,0.8,0.05,0.7314331593737455,0.6666
1294,,,0.75,0.05,0.7270172621437174,0.8211
1295,,,0.1,0.95,0.8053994379767162,0.8805
1296,,,0.1,0.6500000000000001,0.7257125652348454,0.6542
1297,,,0.8,0.05,0.6488358089120835,0.7552
1298,,,0.75,0.05,0.6265556001605781,0.6584
1299,,,0.1,0.95,0.6951023685266962,0.7961
1300,,,0.1,0.6500000000000001,0.6989160979526294,0.7237
1301,,,0.8,0.05,0.7639502207948615,0.7649
1302,,,0.75,0.05,0.7099558410276997,0.6476
1303,,,0.1,0.95,0.729124849458049,0.6587
1304,,,0.1,0.6500000000000001,0.6418105178643115,0.7234
1305,,,0.8,0.05,0.7452830188679245,0.6118
1306,,,0.75,0.05,0.6095945403452429,0.7053
1307,,,0.1,0.95,0.816338819751104,0.8288
1308,,,0.1,0.6500000000000001,0.784925732637495,0.6539
1309,,,0.8,0.05,0.7764953833801687,0.6481
1310,,,0.75,0.05,0.6298675230830991,0.7686
1311,,,0.1,0.95,0.6329787234042553,0.7047
1312,,,0.1,0.6500000000000001,0.7292252107587315,0.7957
1313,,,0.8,0.05,0.6239462063428342,0.8338
1314,,,0.75,0.05,0.6740264953833802,0.5583
1315,,,0.1,0.95,0.7089522280208751,0.6807
1316,,,0.1,0.6500000000000001,0.7780008028904054,0.6918
1317,,,0.8,0.05,0.6759333600963469,0.7399
1318,,,0.75,0.05,0.7985748695303091,0.6258
1319,,,0.1,0.95,0.7438779606583701,0.7218
1320,,,0.1,0.6500000000000001,0.7951625853071056,0.7146
